[{"model": "contenttypes.contenttype", "pk": 1, "fields": {"app_label": "complaint", "model": "complaint"}}, {"model": "contenttypes.contenttype", "pk": 2, "fields": {"app_label": "users", "model": "user"}}, {"model": "contenttypes.contenttype", "pk": 3, "fields": {"app_label": "admin", "model": "logentry"}}, {"model": "contenttypes.contenttype", "pk": 4, "fields": {"app_label": "auth", "model": "permission"}}, {"model": "contenttypes.contenttype", "pk": 5, "fields": {"app_label": "auth", "model": "group"}}, {"model": "contenttypes.contenttype", "pk": 6, "fields": {"app_label": "contenttypes", "model": "contenttype"}}, {"model": "contenttypes.contenttype", "pk": 7, "fields": {"app_label": "sessions", "model": "session"}}, {"model": "sessions.session", "pk": "6vj4genjn2b0k84gcyk97mdj1vkr25p0", "fields": {"session_data": "NmMzNDJlMmU3Y2ZiZWQyYzFlOWVhMTkyMzYyZjVmZDY2ZTk4MTkxYjp7Il9hdXRoX3VzZXJfaWQiOiIyIiwiX2F1dGhfdXNlcl9iYWNrZW5kIjoiZGphbmdvLmNvbnRyaWIuYXV0aC5iYWNrZW5kcy5Nb2RlbEJhY2tlbmQiLCJfYXV0aF91c2VyX2hhc2giOiJhOTg4ZDkxMDdhODgzYjQxMDNmNjVlOTE5ZGQxNmJiNzZmYzIwNzc1In0=", "expire_date": "2019-07-02T06:21:37.882Z"}}, {"model": "sessions.session", "pk": "7cufqi075cm416twmy0sgl7uxb78buwt", "fields": {"session_data": "ZDViMzYzM2VmMzcyZWJhMDA0NzYzNWQzOGNiOTVkOTU0NGQ1Y2MxYzp7Il9hdXRoX3VzZXJfaWQiOiIzIiwiX2F1dGhfdXNlcl9iYWNrZW5kIjoiZGphbmdvLmNvbnRyaWIuYXV0aC5iYWNrZW5kcy5Nb2RlbEJhY2tlbmQiLCJfYXV0aF91c2VyX2hhc2giOiJkYjM5NTkyYjc0ZTFjMzJjYjRkZDUzMTExMjk2ZWQzNmMzZWRiYmNkIn0=", "expire_date": "2019-07-25T09:48:53.287Z"}}, {"model": "sessions.session", "pk": "8x8r0lwb5r75k2soxw6g0ilm5s6g2hus", "fields": {"session_data": "OGY0NDc1ZGQ5MWMzNGJlYjdhY2U1NDU0OWY1N2ZmMmVjYTkxMzQ2MDp7Il9hdXRoX3VzZXJfaWQiOiI0IiwiX2F1dGhfdXNlcl9iYWNrZW5kIjoiZGphbmdvLmNvbnRyaWIuYXV0aC5iYWNrZW5kcy5Nb2RlbEJhY2tlbmQiLCJfYXV0aF91c2VyX2hhc2giOiJiMWY5ZDMxMzBjMzMyNzQ4MDg1MTdkMzc0ZWFlODIzN2Q4YWNiYjBiIn0=", "expire_date": "2019-07-11T14:30:40.701Z"}}, {"model": "sessions.session", "pk": "cr1pgwe8ox61cq669mqrjbg6xumwgvww", "fields": {"session_data": "ZDViMzYzM2VmMzcyZWJhMDA0NzYzNWQzOGNiOTVkOTU0NGQ1Y2MxYzp7Il9hdXRoX3VzZXJfaWQiOiIzIiwiX2F1dGhfdXNlcl9iYWNrZW5kIjoiZGphbmdvLmNvbnRyaWIuYXV0aC5iYWNrZW5kcy5Nb2RlbEJhY2tlbmQiLCJfYXV0aF91c2VyX2hhc2giOiJkYjM5NTkyYjc0ZTFjMzJjYjRkZDUzMTExMjk2ZWQzNmMzZWRiYmNkIn0=", "expire_date": "2019-07-23T15:25:15.421Z"}}, {"model": "sessions.session", "pk": "e8yvaihk4wroj2evjm08lbh10sz0unhn", "fields": {"session_data": "Mjk5YTExNjUwZDI4ZjBlMWMyYTIzNmY0ZTQ0MDZmMWI2M2QxNGM5Yjp7Il9hdXRoX3VzZXJfaWQiOiIzIiwiX2F1dGhfdXNlcl9iYWNrZW5kIjoiZGphbmdvLmNvbnRyaWIuYXV0aC5iYWNrZW5kcy5Nb2RlbEJhY2tlbmQiLCJfYXV0aF91c2VyX2hhc2giOiJiNjg4YWVkZDdlZDA3NjAyZWI0MDI2ZTdlNWMyNTM4MjUzYjcyYzU0In0=", "expire_date": "2019-07-03T11:17:13.564Z"}}, {"model": "sessions.session", "pk": "i53my7sbhclxyjs41qx59k0kohp0fz2a", "fields": {"session_data": "Mjk5YTExNjUwZDI4ZjBlMWMyYTIzNmY0ZTQ0MDZmMWI2M2QxNGM5Yjp7Il9hdXRoX3VzZXJfaWQiOiIzIiwiX2F1dGhfdXNlcl9iYWNrZW5kIjoiZGphbmdvLmNvbnRyaWIuYXV0aC5iYWNrZW5kcy5Nb2RlbEJhY2tlbmQiLCJfYXV0aF91c2VyX2hhc2giOiJiNjg4YWVkZDdlZDA3NjAyZWI0MDI2ZTdlNWMyNTM4MjUzYjcyYzU0In0=", "expire_date": "2019-07-11T09:36:32.952Z"}}, {"model": "sessions.session", "pk": "imcp08txfm38he1njxontapsi8tjwz4v", "fields": {"session_data": "Mjk5YTExNjUwZDI4ZjBlMWMyYTIzNmY0ZTQ0MDZmMWI2M2QxNGM5Yjp7Il9hdXRoX3VzZXJfaWQiOiIzIiwiX2F1dGhfdXNlcl9iYWNrZW5kIjoiZGphbmdvLmNvbnRyaWIuYXV0aC5iYWNrZW5kcy5Nb2RlbEJhY2tlbmQiLCJfYXV0aF91c2VyX2hhc2giOiJiNjg4YWVkZDdlZDA3NjAyZWI0MDI2ZTdlNWMyNTM4MjUzYjcyYzU0In0=", "expire_date": "2019-07-04T06:41:37.218Z"}}, {"model": "sessions.session", "pk": "kjf3lfm3g2k8lr3jeq94u8wc5cyn8ts1", "fields": {"session_data": "Mjk5YTExNjUwZDI4ZjBlMWMyYTIzNmY0ZTQ0MDZmMWI2M2QxNGM5Yjp7Il9hdXRoX3VzZXJfaWQiOiIzIiwiX2F1dGhfdXNlcl9iYWNrZW5kIjoiZGphbmdvLmNvbnRyaWIuYXV0aC5iYWNrZW5kcy5Nb2RlbEJhY2tlbmQiLCJfYXV0aF91c2VyX2hhc2giOiJiNjg4YWVkZDdlZDA3NjAyZWI0MDI2ZTdlNWMyNTM4MjUzYjcyYzU0In0=", "expire_date": "2019-07-05T06:40:11.521Z"}}, {"model": "sessions.session", "pk": "ltwk4wiszd3pxjub4kybn3r00hdwx4rw", "fields": {"session_data": "MjA0YTk1ZjczZjU0NzgyM2I5ZjU0MWI0NTA5ZDcwMGM0MjMwYzcyNTp7Il9hdXRoX3VzZXJfaWQiOiI2IiwiX2F1dGhfdXNlcl9iYWNrZW5kIjoiZGphbmdvLmNvbnRyaWIuYXV0aC5iYWNrZW5kcy5Nb2RlbEJhY2tlbmQiLCJfYXV0aF91c2VyX2hhc2giOiJhNDRmYjc3NDIxY2U2OTJjZjQ5ZjFjZmY3ZWM4Njk4YTJmYjNhNGY3In0=", "expire_date": "2019-07-13T06:54:56.824Z"}}, {"model": "sessions.session", "pk": "m3uqol2m27ens9jiex4fl4nek5uf0pzb", "fields": {"session_data": "Mjk5YTExNjUwZDI4ZjBlMWMyYTIzNmY0ZTQ0MDZmMWI2M2QxNGM5Yjp7Il9hdXRoX3VzZXJfaWQiOiIzIiwiX2F1dGhfdXNlcl9iYWNrZW5kIjoiZGphbmdvLmNvbnRyaWIuYXV0aC5iYWNrZW5kcy5Nb2RlbEJhY2tlbmQiLCJfYXV0aF91c2VyX2hhc2giOiJiNjg4YWVkZDdlZDA3NjAyZWI0MDI2ZTdlNWMyNTM4MjUzYjcyYzU0In0=", "expire_date": "2019-07-02T09:19:43.460Z"}}, {"model": "sessions.session", "pk": "niy02heca7q7ymemtpg46iqcg3g6ouyk", "fields": {"session_data": "ZWExNzg0MWY1ODJiNmE3YjI1MTEyZmFmY2ZhMjljMjFkMDYxN2QxYzp7Il9hdXRoX3VzZXJfaWQiOiIzIiwiX2F1dGhfdXNlcl9iYWNrZW5kIjoiZGphbmdvLmNvbnRyaWIuYXV0aC5iYWNrZW5kcy5Nb2RlbEJhY2tlbmQiLCJfYXV0aF91c2VyX2hhc2giOiI4YjBiNTdjYWMzMDcxODVlNGVhZmNiZmUyODQ5MzY0NzZiNzQ0YmNjIn0=", "expire_date": "2019-07-23T13:41:17.024Z"}}, {"model": "sessions.session", "pk": "ozh3u4bu1ny9wordcbels47kss9y9x6n", "fields": {"session_data": "ZWExNzg0MWY1ODJiNmE3YjI1MTEyZmFmY2ZhMjljMjFkMDYxN2QxYzp7Il9hdXRoX3VzZXJfaWQiOiIzIiwiX2F1dGhfdXNlcl9iYWNrZW5kIjoiZGphbmdvLmNvbnRyaWIuYXV0aC5iYWNrZW5kcy5Nb2RlbEJhY2tlbmQiLCJfYXV0aF91c2VyX2hhc2giOiI4YjBiNTdjYWMzMDcxODVlNGVhZmNiZmUyODQ5MzY0NzZiNzQ0YmNjIn0=", "expire_date": "2019-07-22T08:32:01.918Z"}}, {"model": "sessions.session", "pk": "r3wrgfeehpq6xk78kfdn0ygrk83gjvst", "fields": {"session_data": "ZDViMzYzM2VmMzcyZWJhMDA0NzYzNWQzOGNiOTVkOTU0NGQ1Y2MxYzp7Il9hdXRoX3VzZXJfaWQiOiIzIiwiX2F1dGhfdXNlcl9iYWNrZW5kIjoiZGphbmdvLmNvbnRyaWIuYXV0aC5iYWNrZW5kcy5Nb2RlbEJhY2tlbmQiLCJfYXV0aF91c2VyX2hhc2giOiJkYjM5NTkyYjc0ZTFjMzJjYjRkZDUzMTExMjk2ZWQzNmMzZWRiYmNkIn0=", "expire_date": "2019-07-25T10:10:12.509Z"}}, {"model": "sessions.session", "pk": "rfynlp52z6v8pqf4xu9noxhjttvbj3x4", "fields": {"session_data": "YmJkZjEyOTQ1MTVkZjljYWUwYjAzZjkwMjU1NGM3N2M3MDJhYzU2OTp7Il9hdXRoX3VzZXJfaWQiOiIxIiwiX2F1dGhfdXNlcl9iYWNrZW5kIjoiZGphbmdvLmNvbnRyaWIuYXV0aC5iYWNrZW5kcy5Nb2RlbEJhY2tlbmQiLCJfYXV0aF91c2VyX2hhc2giOiJhMGNmNmQ1YjRmZDEzOTA1NGM5Y2UyMjk5YzQzMTUxYzgzZWYwODU4In0=", "expire_date": "2019-07-01T10:54:42.556Z"}}, {"model": "sessions.session", "pk": "sdygijlubcjtu5awki542pewlx95lujc", "fields": {"session_data": "NjQyMDFhZWM0MTU5YTc0OGJhOGIyMTM4MjAyMjRmODIyNzY4ZGZmMjp7Il9hdXRoX3VzZXJfaWQiOiIzIiwiX2F1dGhfdXNlcl9iYWNrZW5kIjoiZGphbmdvLmNvbnRyaWIuYXV0aC5iYWNrZW5kcy5Nb2RlbEJhY2tlbmQiLCJfYXV0aF91c2VyX2hhc2giOiI0ZjIzOGY4YmFkYTY4YTgzZjExZGMyNWRjNGQyZjM4ZTU5Nzc5YjcwIn0=", "expire_date": "2019-07-16T06:49:45.381Z"}}, {"model": "sessions.session", "pk": "sgguybn7s54lvjtafogmlj8ctmdspf5d", "fields": {"session_data": "Mjk5YTExNjUwZDI4ZjBlMWMyYTIzNmY0ZTQ0MDZmMWI2M2QxNGM5Yjp7Il9hdXRoX3VzZXJfaWQiOiIzIiwiX2F1dGhfdXNlcl9iYWNrZW5kIjoiZGphbmdvLmNvbnRyaWIuYXV0aC5iYWNrZW5kcy5Nb2RlbEJhY2tlbmQiLCJfYXV0aF91c2VyX2hhc2giOiJiNjg4YWVkZDdlZDA3NjAyZWI0MDI2ZTdlNWMyNTM4MjUzYjcyYzU0In0=", "expire_date": "2019-07-11T09:36:32.201Z"}}, {"model": "sessions.session", "pk": "twf8wkq8vm0haugzuapl34e8q703qy9k", "fields": {"session_data": "Mjk5YTExNjUwZDI4ZjBlMWMyYTIzNmY0ZTQ0MDZmMWI2M2QxNGM5Yjp7Il9hdXRoX3VzZXJfaWQiOiIzIiwiX2F1dGhfdXNlcl9iYWNrZW5kIjoiZGphbmdvLmNvbnRyaWIuYXV0aC5iYWNrZW5kcy5Nb2RlbEJhY2tlbmQiLCJfYXV0aF91c2VyX2hhc2giOiJiNjg4YWVkZDdlZDA3NjAyZWI0MDI2ZTdlNWMyNTM4MjUzYjcyYzU0In0=", "expire_date": "2019-07-04T06:25:20.279Z"}}, {"model": "sessions.session", "pk": "xl08bcgfdixxc8b1qsdrw36qqx0hb3l3", "fields": {"session_data": "YjljMjQ0OTA2OTBhMmE1OWFhOTZkNDA4ODkxNThkMTkxNWM5MzhkMzp7Il9hdXRoX3VzZXJfaWQiOiIzIiwiX2F1dGhfdXNlcl9iYWNrZW5kIjoiZGphbmdvLmNvbnRyaWIuYXV0aC5iYWNrZW5kcy5Nb2RlbEJhY2tlbmQiLCJfYXV0aF91c2VyX2hhc2giOiIxNmY1NTRhYjFjYzNlMjIzYzFjMGRkM2FmMzliNzY2NDExMzlkYzVjIn0=", "expire_date": "2019-07-18T06:30:45.943Z"}}, {"model": "auth.permission", "pk": 1, "fields": {"name": "Can add complaint", "content_type": 1, "codename": "add_complaint"}}, {"model": "auth.permission", "pk": 2, "fields": {"name": "Can change complaint", "content_type": 1, "codename": "change_complaint"}}, {"model": "auth.permission", "pk": 3, "fields": {"name": "Can delete complaint", "content_type": 1, "codename": "delete_complaint"}}, {"model": "auth.permission", "pk": 4, "fields": {"name": "Can view complaint", "content_type": 1, "codename": "view_complaint"}}, {"model": "auth.permission", "pk": 5, "fields": {"name": "Can add user", "content_type": 2, "codename": "add_user"}}, {"model": "auth.permission", "pk": 6, "fields": {"name": "Can change user", "content_type": 2, "codename": "change_user"}}, {"model": "auth.permission", "pk": 7, "fields": {"name": "Can delete user", "content_type": 2, "codename": "delete_user"}}, {"model": "auth.permission", "pk": 8, "fields": {"name": "Can view user", "content_type": 2, "codename": "view_user"}}, {"model": "auth.permission", "pk": 9, "fields": {"name": "Can add log entry", "content_type": 3, "codename": "add_logentry"}}, {"model": "auth.permission", "pk": 10, "fields": {"name": "Can change log entry", "content_type": 3, "codename": "change_logentry"}}, {"model": "auth.permission", "pk": 11, "fields": {"name": "Can delete log entry", "content_type": 3, "codename": "delete_logentry"}}, {"model": "auth.permission", "pk": 12, "fields": {"name": "Can view log entry", "content_type": 3, "codename": "view_logentry"}}, {"model": "auth.permission", "pk": 13, "fields": {"name": "Can add permission", "content_type": 4, "codename": "add_permission"}}, {"model": "auth.permission", "pk": 14, "fields": {"name": "Can change permission", "content_type": 4, "codename": "change_permission"}}, {"model": "auth.permission", "pk": 15, "fields": {"name": "Can delete permission", "content_type": 4, "codename": "delete_permission"}}, {"model": "auth.permission", "pk": 16, "fields": {"name": "Can view permission", "content_type": 4, "codename": "view_permission"}}, {"model": "auth.permission", "pk": 17, "fields": {"name": "Can add group", "content_type": 5, "codename": "add_group"}}, {"model": "auth.permission", "pk": 18, "fields": {"name": "Can change group", "content_type": 5, "codename": "change_group"}}, {"model": "auth.permission", "pk": 19, "fields": {"name": "Can delete group", "content_type": 5, "codename": "delete_group"}}, {"model": "auth.permission", "pk": 20, "fields": {"name": "Can view group", "content_type": 5, "codename": "view_group"}}, {"model": "auth.permission", "pk": 21, "fields": {"name": "Can add content type", "content_type": 6, "codename": "add_contenttype"}}, {"model": "auth.permission", "pk": 22, "fields": {"name": "Can change content type", "content_type": 6, "codename": "change_contenttype"}}, {"model": "auth.permission", "pk": 23, "fields": {"name": "Can delete content type", "content_type": 6, "codename": "delete_contenttype"}}, {"model": "auth.permission", "pk": 24, "fields": {"name": "Can view content type", "content_type": 6, "codename": "view_contenttype"}}, {"model": "auth.permission", "pk": 25, "fields": {"name": "Can add session", "content_type": 7, "codename": "add_session"}}, {"model": "auth.permission", "pk": 26, "fields": {"name": "Can change session", "content_type": 7, "codename": "change_session"}}, {"model": "auth.permission", "pk": 27, "fields": {"name": "Can delete session", "content_type": 7, "codename": "delete_session"}}, {"model": "auth.permission", "pk": 28, "fields": {"name": "Can view session", "content_type": 7, "codename": "view_session"}}, {"model": "auth.permission", "pk": 29, "fields": {"name": "To open dashboard", "content_type": 2, "codename": "can view dashboard"}}, {"model": "auth.permission", "pk": 30, "fields": {"name": "To open manager dashboard", "content_type": 2, "codename": "can view manager level"}}, {"model": "auth.permission", "pk": 31, "fields": {"name": "To open staff dashboard", "content_type": 2, "codename": "can view staff dashboard"}}, {"model": "auth.group", "pk": 1, "fields": {"name": "staff", "permissions": [1, 2, 4, 29]}}, {"model": "auth.group", "pk": 2, "fields": {"name": "manager", "permissions": [1, 2, 4, 30]}}, {"model": "auth.group", "pk": 3, "fields": {"name": "supportstaff", "permissions": [1, 2, 4, 31]}}, {"model": "users.user", "pk": 3, "fields": {"password": "pbkdf2_sha256$100000$iArhkzON6bTG$iqaq0cD1AY619D4kCNFsUgr45irS0Gl1zXERkaWJa78=", "last_login": "2019-07-11T10:10:11.957Z", "is_superuser": true, "username": "testing", "first_name": "Default", "last_name": "Superuser", "email": "ccc@xyz.org", "phone": "9000522944", "housenumber": "Null", "locality": "Null", "village": "Null", "mandal": "Null", "district": "Null", "pincode": "500061", "is_active": true, "is_staff": true, "groups": [1, 2, 3], "user_permissions": []}}, {"model": "users.user", "pk": 4, "fields": {"password": "pbkdf2_sha256$150000$oUWus3HLfCw3$SaleFsSh0w+xeI7xMeBnZM9ri4k8hyd73Zz9hBKTvhU=", "last_login": "2019-07-04T06:19:18.093Z", "is_superuser": false, "username": "user2", "first_name": "cfvgbhn", "last_name": "cfvgbhn", "email": "123@abc.org", "phone": "1234456789", "housenumber": "xcfvygbuhn", "locality": "cvgbh", "village": "cfvgbh", "mandal": "cfvgbh", "district": "fvgbhnj", "pincode": "123456", "is_active": true, "is_staff": false, "groups": [1], "user_permissions": []}}, {"model": "users.user", "pk": 5, "fields": {"password": "pbkdf2_sha256$150000$0RxrNAr4xvX6$DKDBrPFphNcFP+6qt7cbi7RD9eXCPsUqOQZ5fzXr28s=", "last_login": "2019-07-02T06:34:02.687Z", "is_superuser": false, "username": "user1", "first_name": "Mrunalini", "last_name": "Ramnath", "email": "sanjanarao540@gmail.com", "phone": "9000522944", "housenumber": "cfvgbhn", "locality": "dfgbhnjkm", "village": "cfvgbhn", "mandal": "dfvghbnj", "district": "fgvhbjn", "pincode": "500061", "is_active": true, "is_staff": false, "groups": [], "user_permissions": []}}, {"model": "users.user", "pk": 6, "fields": {"password": "pbkdf2_sha256$150000$FmEN4NmHRySI$Qm5NnxwFnm3y3UisidvQgPzCD2rY1mJga/ftSStJb+o=", "last_login": "2019-07-04T06:10:57.750Z", "is_superuser": false, "username": "user3", "first_name": "vbhn m", "last_name": "cfcvbn m", "email": "1234@abc.org", "phone": "3445678912", "housenumber": "fvgbhn", "locality": "cfvgbhnm", "village": "cfvghbjnkm", "mandal": "xdxcfvgbhjnjkm", "district": "cfvghbhjnm", "pincode": "500078", "is_active": true, "is_staff": false, "groups": [2], "user_permissions": []}}, {"model": "users.user", "pk": 8, "fields": {"password": "pbkdf2_sha256$150000$m6Sut4Ciy973$HR/j3mNzg1rpq32vLlKEvSXVn0CudXql6PeHzqlYLEA=", "last_login": "2019-07-04T06:21:04.116Z", "is_superuser": false, "username": "user4", "first_name": "vgbhjnm", "last_name": "vgbhhnm", "email": "user4@org.com", "phone": "9000522914", "housenumber": "cfvgb", "locality": "cfvgbh", "village": "fvgbh", "mandal": "vgbh", "district": "vgbhnjm", "pincode": "500087", "is_active": true, "is_staff": false, "groups": [3], "user_permissions": []}}, {"model": "users.user", "pk": 9, "fields": {"password": "pbkdf2_sha256$100000$SmoxaekRac6g$ZUs42+qwqbEgfpkTPo8dBbsPmVC2e4V7kHiVTrXVJzo=", "last_login": "2019-06-28T10:19:46.260Z", "is_superuser": false, "username": "user5", "first_name": "fvghbjn", "last_name": "cfvgbhn", "email": "user5@org.com", "phone": "9000123456", "housenumber": "vgbhn", "locality": "vbn", "village": "vgvbn", "mandal": "g vbn", "district": "vgbhn", "pincode": "500078", "is_active": true, "is_staff": false, "groups": [1, 2, 3], "user_permissions": []}}, {"model": "users.user", "pk": 10, "fields": {"password": "pbkdf2_sha256$100000$nM7fCnHPG03P$HZe789wfnjVttw5yU5AY1BXoNvXONaNyB3A6ZkxI22s=", "last_login": null, "is_superuser": false, "username": "user6", "first_name": "Mrunalini", "last_name": "Ramnath", "email": "rmruna.9999@gmail.com", "phone": "9000522956", "housenumber": "12-11-1303/A,Raghavendra Nagar Colony,", "locality": "Secunderabad", "village": "bnm", "mandal": "vgvbhnjkkm", "district": "vgbhnjm", "pincode": "500061", "is_active": true, "is_staff": false, "groups": [], "user_permissions": []}}, {"model": "users.user", "pk": 11, "fields": {"password": "pbkdf2_sha256$150000$ZQynh318sks0$5c6mMd6tFn+TuBUm0RCqRtuJs/y3JIBA2uYqfdvRpV0=", "last_login": null, "is_superuser": false, "username": "jhjk", "first_name": "nbnb", "last_name": "bnbvn", "email": "testing@example.com", "phone": "9988776657", "housenumber": "3232", "locality": "sas", "village": "sdsd", "mandal": "sddds", "district": "sdsd", "pincode": "500084", "is_active": true, "is_staff": false, "groups": [], "user_permissions": []}}, {"model": "users.user", "pk": 12, "fields": {"password": "pbkdf2_sha256$150000$fgqWhxs4ZZRk$zmanUxGo6KSW89DiGOpHUFVv6j9mI94EY/0pXG0Xn80=", "last_login": null, "is_superuser": false, "username": "wree", "first_name": "erer", "last_name": "bnmb", "email": "testing1@gmail.com", "phone": "9988776990", "housenumber": "dfdsf", "locality": "dfds", "village": "fdfd", "mandal": "df", "district": "dfdf", "pincode": "500084", "is_active": true, "is_staff": false, "groups": [], "user_permissions": []}}, {"model": "users.user", "pk": 13, "fields": {"password": "pbkdf2_sha256$150000$z4sKvvbBGpLL$6r+fI3okzuKd5Kx7JZrIN+E8TB/EGGiG8/Gr7wnt8VE=", "last_login": null, "is_superuser": false, "username": "nbmnb", "first_name": "bbnmb", "last_name": "sdsd", "email": "testing22@example.com", "phone": "9988776655", "housenumber": "sds", "locality": "mbbmb", "village": "ghghjg", "mandal": "hhgjhgjh", "district": "jhgjhg", "pincode": "500084", "is_active": true, "is_staff": false, "groups": [], "user_permissions": []}}, {"model": "complaint.complaint", "pk": 51, "fields": {"date": "2019-06-21T10:00:37.886Z", "channel": "MeeSeva", "author": 3, "dept": "Revenue", "complaint": "Test", "status": "reassign", "resolution": "N/A", "resolved_by": "user2", "assigned_to": "user2", "sle_date": "2019-06-23T10:00:37.886Z", "stream": "Applications Issues", "image": "", "file": "", "resolved_date": "2019-07-04T06:34:21.517Z", "ip": null}}, {"model": "complaint.complaint", "pk": 52, "fields": {"date": "2019-06-27T08:21:18.767Z", "channel": "MeeSeva", "author": 3, "dept": "Revenue", "complaint": "Test with image", "status": "unresolved", "resolution": "", "resolved_by": null, "assigned_to": "testing", "sle_date": "2019-06-29T08:21:18.767Z", "stream": "Applications Issues", "image": "", "file": "", "resolved_date": "2019-07-04T06:34:21.517Z", "ip": null}}, {"model": "complaint.complaint", "pk": 53, "fields": {"date": "2019-06-27T14:25:04.908Z", "channel": "MeeSeva", "author": 5, "dept": "Revenue", "complaint": "n,n,n,n,n", "status": "resolved", "resolution": "nnbnb", "resolved_by": "user2", "assigned_to": null, "sle_date": "2019-06-29T14:25:04.908Z", "stream": "Applications Issues", "image": "", "file": "", "resolved_date": "2019-07-04T06:34:21.517Z", "ip": null}}, {"model": "complaint.complaint", "pk": 54, "fields": {"date": "2019-06-27T14:25:13.479Z", "channel": "MeeSeva", "author": 5, "dept": "Revenue", "complaint": "bmnbmnb", "status": "resolved", "resolution": "nbmnbnmb", "resolved_by": "user2", "assigned_to": null, "sle_date": "2019-06-29T14:25:13.479Z", "stream": "Applications Issues", "image": "", "file": "", "resolved_date": "2019-07-04T06:34:21.517Z", "ip": null}}, {"model": "complaint.complaint", "pk": 55, "fields": {"date": "2019-06-27T14:30:02.683Z", "channel": "MeeSeva", "author": 5, "dept": "Revenue", "complaint": "bmnbnmbnm", "status": "resolved", "resolution": "nbvbnvnb", "resolved_by": "user2", "assigned_to": null, "sle_date": "2019-06-29T14:30:02.683Z", "stream": "Applications Issues", "image": "", "file": "", "resolved_date": "2019-07-04T06:34:21.517Z", "ip": null}}, {"model": "complaint.complaint", "pk": 56, "fields": {"date": "2019-06-27T14:30:09.840Z", "channel": "MeeSeva", "author": 5, "dept": "Revenue", "complaint": "mmbbmb", "status": "resolved", "resolution": "sds", "resolved_by": "user2", "assigned_to": null, "sle_date": "2019-06-29T14:30:09.840Z", "stream": "Applications Issues", "image": "", "file": "", "resolved_date": "2019-07-04T06:34:21.517Z", "ip": null}}, {"model": "complaint.complaint", "pk": 57, "fields": {"date": "2019-06-27T14:30:15.909Z", "channel": "MeeSeva", "author": 5, "dept": "Revenue", "complaint": "nvnvb", "status": "unresolved", "resolution": "", "resolved_by": null, "assigned_to": null, "sle_date": "2019-06-29T14:30:15.909Z", "stream": "Applications Issues", "image": "", "file": "", "resolved_date": "2019-07-04T06:34:21.517Z", "ip": null}}, {"model": "complaint.complaint", "pk": 58, "fields": {"date": "2019-06-27T14:30:24.128Z", "channel": "MeeSeva", "author": 5, "dept": "Revenue", "complaint": "bnvbnvbn", "status": "unresolved", "resolution": "", "resolved_by": null, "assigned_to": null, "sle_date": "2019-06-29T14:30:24.128Z", "stream": "Applications Issues", "image": "", "file": "", "resolved_date": "2019-07-04T06:34:21.517Z", "ip": null}}, {"model": "complaint.complaint", "pk": 59, "fields": {"date": "2019-06-27T14:30:30.851Z", "channel": "MeeSeva", "author": 5, "dept": "Revenue", "complaint": "nbvnbvnbv", "status": "unresolved", "resolution": "", "resolved_by": null, "assigned_to": null, "sle_date": "2019-06-29T14:30:30.851Z", "stream": "Applications Issues", "image": "", "file": "", "resolved_date": "2019-07-04T06:34:21.517Z", "ip": null}}, {"model": "complaint.complaint", "pk": 60, "fields": {"date": "2019-06-29T08:12:15.952Z", "channel": "T-App Folio", "author": 6, "dept": "GHMC", "complaint": "Test with image", "status": "unresolved", "resolution": "", "resolved_by": null, "assigned_to": null, "sle_date": "2019-07-01T08:12:15.952Z", "stream": "Payment Issues", "image": "images/backdrop5.jpg", "file": "", "resolved_date": "2019-07-04T06:34:21.517Z", "ip": null}}, {"model": "complaint.complaint", "pk": 61, "fields": {"date": "2019-07-04T06:35:12.259Z", "channel": "MeeSeva", "author": 3, "dept": "Revenue", "complaint": "resolved date test", "status": "unresolved", "resolution": "", "resolved_by": null, "assigned_to": null, "sle_date": "2019-07-06T06:35:12.259Z", "stream": "Applications Issues", "image": "", "file": "", "resolved_date": "2019-07-04T06:35:12.259Z", "ip": null}}, {"model": "complaint.complaint", "pk": 62, "fields": {"date": "2019-07-04T06:38:24.068Z", "channel": "MeeSeva", "author": 3, "dept": "Revenue", "complaint": "resolved date test 2", "status": "unresolved", "resolution": "", "resolved_by": null, "assigned_to": null, "sle_date": "2019-07-06T06:38:24.068Z", "stream": "Applications Issues", "image": "", "file": "", "resolved_date": "2019-07-04T06:38:24.068Z", "ip": null}}, {"model": "complaint.complaint", "pk": 63, "fields": {"date": "2019-07-04T06:39:56.942Z", "channel": "MeeSeva", "author": 3, "dept": "Revenue", "complaint": "resolved date test 3", "status": "unresolved", "resolution": "", "resolved_by": null, "assigned_to": null, "sle_date": "2019-07-06T06:39:56.942Z", "stream": "Applications Issues", "image": "", "file": "", "resolved_date": "2019-07-04T06:39:56.942Z", "ip": null}}, {"model": "complaint.complaint", "pk": 64, "fields": {"date": "2019-07-04T06:51:59.006Z", "channel": "MeeSeva", "author": 3, "dept": "Revenue", "complaint": "test 4", "status": "unresolved", "resolution": "", "resolved_by": null, "assigned_to": null, "sle_date": "2019-07-06T06:51:59.006Z", "stream": "Applications Issues", "image": "", "file": "", "resolved_date": "2019-07-04T06:51:59.006Z", "ip": null}}, {"model": "complaint.complaint", "pk": 65, "fields": {"date": "2019-07-04T07:01:55.545Z", "channel": "MeeSeva", "author": 3, "dept": "Revenue", "complaint": "resolved date test 4", "status": "resolved", "resolution": "done", "resolved_by": "testing", "assigned_to": null, "sle_date": "2019-07-06T07:01:55.545Z", "stream": "Applications Issues", "image": "", "file": "", "resolved_date": null, "ip": null}}, {"model": "complaint.complaint", "pk": 66, "fields": {"date": "2019-07-04T07:09:35.017Z", "channel": "MeeSeva", "author": 3, "dept": "Revenue", "complaint": "resolved date test 5", "status": "resolved", "resolution": "resolved date test 5", "resolved_by": "testing", "assigned_to": null, "sle_date": "2019-07-06T07:09:35.017Z", "stream": "Applications Issues", "image": "", "file": "", "resolved_date": null, "ip": null}}, {"model": "complaint.complaint", "pk": 67, "fields": {"date": "2019-07-04T07:16:52.284Z", "channel": "MeeSeva", "author": 3, "dept": "Revenue", "complaint": "test o 5", "status": "unresolved", "resolution": "", "resolved_by": null, "assigned_to": null, "sle_date": "2019-07-06T07:16:52.284Z", "stream": "Applications Issues", "image": "", "file": "", "resolved_date": null, "ip": null}}, {"model": "complaint.complaint", "pk": 68, "fields": {"date": "2019-07-04T07:17:23.909Z", "channel": "MeeSeva", "author": 3, "dept": "Revenue", "complaint": "test 6", "status": "unresolved", "resolution": "", "resolved_by": null, "assigned_to": null, "sle_date": "2019-07-06T07:17:23.909Z", "stream": "Applications Issues", "image": "", "file": "", "resolved_date": null, "ip": null}}, {"model": "complaint.complaint", "pk": 69, "fields": {"date": "2019-07-04T07:26:34.167Z", "channel": "MeeSeva", "author": 3, "dept": "Revenue", "complaint": "test 7", "status": "unresolved", "resolution": "done", "resolved_by": "testing", "assigned_to": null, "sle_date": "2019-07-06T07:26:34.167Z", "stream": "Applications Issues", "image": "", "file": "", "resolved_date": null, "ip": null}}, {"model": "complaint.complaint", "pk": 70, "fields": {"date": "2019-07-04T07:47:19.233Z", "channel": "MeeSeva", "author": 3, "dept": "Revenue", "complaint": "test 7", "status": "resolved", "resolution": "done", "resolved_by": "testing", "assigned_to": null, "sle_date": "2019-07-06T07:47:19.233Z", "stream": "Applications Issues", "image": "", "file": "", "resolved_date": null, "ip": null}}, {"model": "complaint.complaint", "pk": 71, "fields": {"date": "2019-07-04T07:48:36.969Z", "channel": "MeeSeva", "author": 3, "dept": "Revenue", "complaint": "test 8", "status": "resolved", "resolution": "done", "resolved_by": "testing", "assigned_to": null, "sle_date": "2019-07-06T07:48:36.969Z", "stream": "Applications Issues", "image": "", "file": "", "resolved_date": "2019-07-04T07:49:27.283Z", "ip": null}}, {"model": "complaint.complaint", "pk": 72, "fields": {"date": "2019-07-04T07:49:47.506Z", "channel": "MeeSeva", "author": 3, "dept": "Revenue", "complaint": "test 9", "status": "unresolved", "resolution": "", "resolved_by": null, "assigned_to": null, "sle_date": "2019-07-06T07:49:47.507Z", "stream": "Applications Issues", "image": "", "file": "", "resolved_date": "2019-07-04T07:49:47.507Z", "ip": null}}, {"model": "complaint.complaint", "pk": 73, "fields": {"date": "2019-07-04T08:00:39.254Z", "channel": "MeeSeva", "author": 3, "dept": "Revenue", "complaint": "new", "status": "resolved", "resolution": "vfdv", "resolved_by": "testing", "assigned_to": null, "sle_date": "2019-07-06T08:00:39.254Z", "stream": "Applications Issues", "image": "", "file": "", "resolved_date": null, "ip": null}}, {"model": "complaint.complaint", "pk": 74, "fields": {"date": "2019-07-04T08:03:47.394Z", "channel": "MeeSeva", "author": 3, "dept": "Revenue", "complaint": "4tftrft", "status": "resolved", "resolution": "done", "resolved_by": "testing", "assigned_to": null, "sle_date": "2019-07-06T08:03:47.394Z", "stream": "Applications Issues", "image": "", "file": "", "resolved_date": "2019-07-04T08:22:17.687Z", "ip": null}}, {"model": "complaint.complaint", "pk": 75, "fields": {"date": "2019-07-04T08:10:54.426Z", "channel": "MeeSeva", "author": 3, "dept": "Revenue", "complaint": "test", "status": "resolved", "resolution": "hfjv", "resolved_by": "testing", "assigned_to": null, "sle_date": "2019-07-06T08:10:54.426Z", "stream": "Applications Issues", "image": "", "file": "", "resolved_date": "2019-07-04T08:12:28.024Z", "ip": null}}, {"model": "complaint.complaint", "pk": 76, "fields": {"date": "2019-07-08T08:32:25Z", "channel": "MeeSeva", "author": 3, "dept": "Revenue", "complaint": "gggdgfdf", "status": "resolved", "resolution": "nregpergj", "resolved_by": "testing", "assigned_to": null, "sle_date": "2019-07-10T08:32:25Z", "stream": "Applications Issues", "image": "", "file": "", "resolved_date": "2019-07-09T15:25:23.904Z", "ip": "127.0.0.1"}}, {"model": "complaint.complaint", "pk": 77, "fields": {"date": "2019-07-11T09:36:48.652Z", "channel": "MeeSeva", "author": 3, "dept": "GHMC", "complaint": "Testingg", "status": "resolved", "resolution": "Some resolution", "resolved_by": "testing", "assigned_to": null, "sle_date": "2019-07-13T09:36:48.652Z", "stream": "Applications Issues", "image": "", "file": "", "resolved_date": "2019-07-11T09:46:59.994Z", "ip": "127.0.0.1"}}, {"model": "complaint.complaint", "pk": 78, "fields": {"date": "2019-07-11T09:50:08.785Z", "channel": "MeeSeva", "author": 3, "dept": "Revenue", "complaint": "Sloww", "status": "spam", "resolution": "Some resolution", "resolved_by": "testing", "assigned_to": null, "sle_date": "2019-07-13T09:50:08.786Z", "stream": "Server Slowness", "image": "", "file": "", "resolved_date": "2019-07-11T10:01:02.487Z", "ip": "127.0.0.1"}}, {"model": "complaint.complaint", "pk": 79, "fields": {"date": "2019-07-11T10:02:25.121Z", "channel": "MeeSeva", "author": 3, "dept": "Revenue", "complaint": "Some complaint", "status": "resolved", "resolution": "Some resolution", "resolved_by": "testing", "assigned_to": null, "sle_date": "2019-07-13T10:02:25.122Z", "stream": "Applications Issues", "image": "", "file": "", "resolved_date": "2019-07-11T10:02:53.854Z", "ip": "127.0.0.1"}}, {"model": "complaint.complaint", "pk": 80, "fields": {"date": "2019-07-11T10:03:09.831Z", "channel": "MeeSeva", "author": 3, "dept": "Revenue", "complaint": "Spam", "status": "spam", "resolution": "NA", "resolved_by": "testing", "assigned_to": null, "sle_date": "2019-07-13T10:03:09.831Z", "stream": "Applications Issues", "image": "", "file": "", "resolved_date": "2019-07-11T10:03:28.644Z", "ip": "127.0.0.1"}}, {"model": "admin.logentry", "pk": 1, "fields": {"action_time": "2019-06-18T09:20:24.598Z", "user": 3, "content_type": 5, "object_id": "1", "object_repr": "staff", "action_flag": 2, "change_message": "[{\"changed\": {\"fields\": [\"permissions\"]}}]"}}, {"model": "admin.logentry", "pk": 2, "fields": {"action_time": "2019-06-18T18:21:52.946Z", "user": 3, "content_type": 5, "object_id": "2", "object_repr": "manager", "action_flag": 2, "change_message": "[]"}}, {"model": "admin.logentry", "pk": 3, "fields": {"action_time": "2019-06-18T18:22:01.187Z", "user": 3, "content_type": 5, "object_id": "1", "object_repr": "staff", "action_flag": 2, "change_message": "[]"}}, {"model": "admin.logentry", "pk": 4, "fields": {"action_time": "2019-06-18T18:22:30.903Z", "user": 3, "content_type": 2, "object_id": "4", "object_repr": "user2", "action_flag": 1, "change_message": "[{\"added\": {}}]"}}, {"model": "admin.logentry", "pk": 5, "fields": {"action_time": "2019-06-18T18:22:50.749Z", "user": 3, "content_type": 2, "object_id": "4", "object_repr": "user2", "action_flag": 2, "change_message": "[{\"changed\": {\"fields\": [\"first_name\", \"last_name\", \"phone\", \"housenumber\", \"locality\", \"village\", \"mandal\", \"district\", \"pincode\"]}}]"}}, {"model": "admin.logentry", "pk": 6, "fields": {"action_time": "2019-06-18T18:23:10.252Z", "user": 3, "content_type": 2, "object_id": "2", "object_repr": "user1", "action_flag": 2, "change_message": "[]"}}, {"model": "admin.logentry", "pk": 7, "fields": {"action_time": "2019-06-18T18:23:22.575Z", "user": 3, "content_type": 2, "object_id": "1", "object_repr": "datta12345", "action_flag": 3, "change_message": ""}}, {"model": "admin.logentry", "pk": 8, "fields": {"action_time": "2019-06-18T18:23:31.271Z", "user": 3, "content_type": 2, "object_id": "2", "object_repr": "user1", "action_flag": 2, "change_message": "[]"}}, {"model": "admin.logentry", "pk": 9, "fields": {"action_time": "2019-06-18T19:01:33.793Z", "user": 3, "content_type": 2, "object_id": "2", "object_repr": "user1", "action_flag": 3, "change_message": ""}}, {"model": "admin.logentry", "pk": 10, "fields": {"action_time": "2019-06-18T19:01:54.590Z", "user": 3, "content_type": 2, "object_id": "5", "object_repr": "user1", "action_flag": 1, "change_message": "[{\"added\": {}}]"}}, {"model": "admin.logentry", "pk": 11, "fields": {"action_time": "2019-06-18T19:02:15.610Z", "user": 3, "content_type": 2, "object_id": "5", "object_repr": "user1", "action_flag": 2, "change_message": "[{\"changed\": {\"fields\": [\"first_name\", \"last_name\", \"phone\", \"housenumber\", \"locality\", \"village\", \"mandal\", \"district\", \"pincode\"]}}]"}}, {"model": "admin.logentry", "pk": 12, "fields": {"action_time": "2019-06-18T19:49:41.623Z", "user": 3, "content_type": 5, "object_id": "2", "object_repr": "manager", "action_flag": 2, "change_message": "[]"}}, {"model": "admin.logentry", "pk": 13, "fields": {"action_time": "2019-06-18T19:51:39.970Z", "user": 3, "content_type": 2, "object_id": "6", "object_repr": "user3", "action_flag": 1, "change_message": "[{\"added\": {}}]"}}, {"model": "admin.logentry", "pk": 14, "fields": {"action_time": "2019-06-18T19:52:02.313Z", "user": 3, "content_type": 2, "object_id": "6", "object_repr": "user3", "action_flag": 2, "change_message": "[{\"changed\": {\"fields\": [\"first_name\", \"last_name\", \"phone\", \"housenumber\", \"locality\", \"village\", \"mandal\", \"district\", \"pincode\"]}}]"}}, {"model": "admin.logentry", "pk": 15, "fields": {"action_time": "2019-06-18T19:52:24.263Z", "user": 3, "content_type": 5, "object_id": "2", "object_repr": "manager", "action_flag": 2, "change_message": "[]"}}, {"model": "admin.logentry", "pk": 16, "fields": {"action_time": "2019-06-18T19:52:31.451Z", "user": 3, "content_type": 5, "object_id": "1", "object_repr": "staff", "action_flag": 2, "change_message": "[]"}}, {"model": "admin.logentry", "pk": 17, "fields": {"action_time": "2019-06-19T09:09:58.625Z", "user": 3, "content_type": 5, "object_id": "1", "object_repr": "staff", "action_flag": 2, "change_message": "[]"}}, {"model": "admin.logentry", "pk": 18, "fields": {"action_time": "2019-06-19T09:11:08.367Z", "user": 3, "content_type": 5, "object_id": "2", "object_repr": "manager", "action_flag": 2, "change_message": "[{\"changed\": {\"fields\": [\"permissions\"]}}]"}}, {"model": "admin.logentry", "pk": 19, "fields": {"action_time": "2019-06-19T09:12:49.764Z", "user": 3, "content_type": 5, "object_id": "2", "object_repr": "manager", "action_flag": 2, "change_message": "[{\"changed\": {\"fields\": [\"permissions\"]}}]"}}, {"model": "admin.logentry", "pk": 20, "fields": {"action_time": "2019-06-19T09:13:37.380Z", "user": 3, "content_type": 5, "object_id": "1", "object_repr": "staff", "action_flag": 2, "change_message": "[{\"changed\": {\"fields\": [\"permissions\"]}}]"}}, {"model": "admin.logentry", "pk": 21, "fields": {"action_time": "2019-06-19T09:13:52.108Z", "user": 3, "content_type": 5, "object_id": "2", "object_repr": "manager", "action_flag": 2, "change_message": "[{\"changed\": {\"fields\": [\"permissions\"]}}]"}}, {"model": "admin.logentry", "pk": 22, "fields": {"action_time": "2019-06-19T10:44:08.883Z", "user": 3, "content_type": 2, "object_id": "4", "object_repr": "user2", "action_flag": 2, "change_message": "[{\"changed\": {\"fields\": [\"mode\", \"category\"]}}]"}}, {"model": "admin.logentry", "pk": 23, "fields": {"action_time": "2019-06-19T10:54:58.617Z", "user": 3, "content_type": 2, "object_id": "4", "object_repr": "user2", "action_flag": 2, "change_message": "[{\"changed\": {\"fields\": [\"mode\", \"category\"]}}]"}}, {"model": "admin.logentry", "pk": 24, "fields": {"action_time": "2019-06-19T10:55:11.705Z", "user": 3, "content_type": 2, "object_id": "5", "object_repr": "user1", "action_flag": 2, "change_message": "[{\"changed\": {\"fields\": [\"mode\", \"category\"]}}]"}}, {"model": "admin.logentry", "pk": 25, "fields": {"action_time": "2019-06-19T10:55:18.318Z", "user": 3, "content_type": 2, "object_id": "6", "object_repr": "user3", "action_flag": 2, "change_message": "[{\"changed\": {\"fields\": [\"mode\", \"category\"]}}]"}}, {"model": "admin.logentry", "pk": 26, "fields": {"action_time": "2019-06-19T10:55:25.686Z", "user": 3, "content_type": 2, "object_id": "3", "object_repr": "testing", "action_flag": 2, "change_message": "[{\"changed\": {\"fields\": [\"mode\", \"category\"]}}]"}}, {"model": "admin.logentry", "pk": 27, "fields": {"action_time": "2019-06-19T10:55:39.859Z", "user": 3, "content_type": 2, "object_id": "3", "object_repr": "testing", "action_flag": 2, "change_message": "[{\"changed\": {\"fields\": [\"mode\", \"category\"]}}]"}}, {"model": "admin.logentry", "pk": 28, "fields": {"action_time": "2019-06-19T11:03:11.205Z", "user": 3, "content_type": 2, "object_id": "3", "object_repr": "testing", "action_flag": 2, "change_message": "[{\"changed\": {\"fields\": [\"mode\", \"category\"]}}]"}}, {"model": "admin.logentry", "pk": 29, "fields": {"action_time": "2019-06-19T11:03:24.702Z", "user": 3, "content_type": 2, "object_id": "3", "object_repr": "testing", "action_flag": 2, "change_message": "[]"}}, {"model": "admin.logentry", "pk": 30, "fields": {"action_time": "2019-06-19T11:06:15.075Z", "user": 3, "content_type": 2, "object_id": "4", "object_repr": "user2", "action_flag": 2, "change_message": "[{\"changed\": {\"fields\": [\"mode\", \"category\"]}}]"}}, {"model": "admin.logentry", "pk": 31, "fields": {"action_time": "2019-06-19T11:06:21.750Z", "user": 3, "content_type": 2, "object_id": "3", "object_repr": "testing", "action_flag": 2, "change_message": "[]"}}, {"model": "admin.logentry", "pk": 32, "fields": {"action_time": "2019-06-19T11:06:43.739Z", "user": 3, "content_type": 2, "object_id": "3", "object_repr": "testing", "action_flag": 2, "change_message": "[{\"changed\": {\"fields\": [\"phone\"]}}]"}}, {"model": "admin.logentry", "pk": 33, "fields": {"action_time": "2019-06-19T11:08:35.838Z", "user": 3, "content_type": 2, "object_id": "3", "object_repr": "testing", "action_flag": 2, "change_message": "[]"}}, {"model": "admin.logentry", "pk": 34, "fields": {"action_time": "2019-06-19T11:17:24.713Z", "user": 3, "content_type": 2, "object_id": "7", "object_repr": "user4", "action_flag": 2, "change_message": "[]"}}, {"model": "admin.logentry", "pk": 35, "fields": {"action_time": "2019-06-19T11:19:29.009Z", "user": 3, "content_type": 5, "object_id": "2", "object_repr": "manager", "action_flag": 2, "change_message": "[{\"changed\": {\"fields\": [\"permissions\"]}}]"}}, {"model": "admin.logentry", "pk": 36, "fields": {"action_time": "2019-06-19T11:26:01.404Z", "user": 3, "content_type": 2, "object_id": "7", "object_repr": "user4", "action_flag": 3, "change_message": ""}}, {"model": "admin.logentry", "pk": 37, "fields": {"action_time": "2019-06-20T06:37:28.391Z", "user": 3, "content_type": 1, "object_id": "6", "object_repr": "Complaint object (6)", "action_flag": 2, "change_message": "[{\"changed\": {\"fields\": [\"status\", \"resolution\"]}}]"}}, {"model": "admin.logentry", "pk": 38, "fields": {"action_time": "2019-06-20T06:42:12.892Z", "user": 3, "content_type": 1, "object_id": "6", "object_repr": "Complaint object (6)", "action_flag": 2, "change_message": "[{\"changed\": {\"fields\": [\"image\"]}}]"}}, {"model": "admin.logentry", "pk": 39, "fields": {"action_time": "2019-06-20T06:43:07.802Z", "user": 3, "content_type": 1, "object_id": "6", "object_repr": "Complaint object (6)", "action_flag": 2, "change_message": "[{\"changed\": {\"fields\": [\"file\"]}}]"}}, {"model": "admin.logentry", "pk": 40, "fields": {"action_time": "2019-06-20T06:53:24.546Z", "user": 3, "content_type": 1, "object_id": "6", "object_repr": "Complaint object (6)", "action_flag": 3, "change_message": ""}}, {"model": "admin.logentry", "pk": 41, "fields": {"action_time": "2019-06-20T06:54:12.941Z", "user": 3, "content_type": 1, "object_id": "7", "object_repr": "Complaint object (7)", "action_flag": 3, "change_message": ""}}, {"model": "admin.logentry", "pk": 42, "fields": {"action_time": "2019-06-20T09:47:23.526Z", "user": 3, "content_type": 1, "object_id": "8", "object_repr": "Complaint object (8)", "action_flag": 2, "change_message": "[{\"changed\": {\"fields\": [\"resolution\"]}}]"}}, {"model": "admin.logentry", "pk": 43, "fields": {"action_time": "2019-06-21T09:01:59.793Z", "user": 3, "content_type": 1, "object_id": "19", "object_repr": "Complaint object (19)", "action_flag": 3, "change_message": ""}}, {"model": "admin.logentry", "pk": 44, "fields": {"action_time": "2019-06-21T09:02:00.001Z", "user": 3, "content_type": 1, "object_id": "18", "object_repr": "Complaint object (18)", "action_flag": 3, "change_message": ""}}, {"model": "admin.logentry", "pk": 45, "fields": {"action_time": "2019-06-21T09:02:00.322Z", "user": 3, "content_type": 1, "object_id": "17", "object_repr": "Complaint object (17)", "action_flag": 3, "change_message": ""}}, {"model": "admin.logentry", "pk": 46, "fields": {"action_time": "2019-06-21T09:02:00.698Z", "user": 3, "content_type": 1, "object_id": "16", "object_repr": "Complaint object (16)", "action_flag": 3, "change_message": ""}}, {"model": "admin.logentry", "pk": 47, "fields": {"action_time": "2019-06-21T09:02:00.798Z", "user": 3, "content_type": 1, "object_id": "15", "object_repr": "Complaint object (15)", "action_flag": 3, "change_message": ""}}, {"model": "admin.logentry", "pk": 48, "fields": {"action_time": "2019-06-21T09:02:00.899Z", "user": 3, "content_type": 1, "object_id": "14", "object_repr": "Complaint object (14)", "action_flag": 3, "change_message": ""}}, {"model": "admin.logentry", "pk": 49, "fields": {"action_time": "2019-06-21T09:02:01.000Z", "user": 3, "content_type": 1, "object_id": "13", "object_repr": "Complaint object (13)", "action_flag": 3, "change_message": ""}}, {"model": "admin.logentry", "pk": 50, "fields": {"action_time": "2019-06-21T09:02:01.100Z", "user": 3, "content_type": 1, "object_id": "12", "object_repr": "Complaint object (12)", "action_flag": 3, "change_message": ""}}, {"model": "admin.logentry", "pk": 51, "fields": {"action_time": "2019-06-21T09:02:01.201Z", "user": 3, "content_type": 1, "object_id": "11", "object_repr": "Complaint object (11)", "action_flag": 3, "change_message": ""}}, {"model": "admin.logentry", "pk": 52, "fields": {"action_time": "2019-06-21T09:02:01.302Z", "user": 3, "content_type": 1, "object_id": "10", "object_repr": "Complaint object (10)", "action_flag": 3, "change_message": ""}}, {"model": "admin.logentry", "pk": 53, "fields": {"action_time": "2019-06-21T09:02:01.402Z", "user": 3, "content_type": 1, "object_id": "9", "object_repr": "Complaint object (9)", "action_flag": 3, "change_message": ""}}, {"model": "admin.logentry", "pk": 54, "fields": {"action_time": "2019-06-21T09:02:01.503Z", "user": 3, "content_type": 1, "object_id": "8", "object_repr": "Complaint object (8)", "action_flag": 3, "change_message": ""}}, {"model": "admin.logentry", "pk": 55, "fields": {"action_time": "2019-06-21T09:02:01.611Z", "user": 3, "content_type": 1, "object_id": "5", "object_repr": "Complaint object (5)", "action_flag": 3, "change_message": ""}}, {"model": "admin.logentry", "pk": 56, "fields": {"action_time": "2019-06-21T09:02:01.722Z", "user": 3, "content_type": 1, "object_id": "4", "object_repr": "Complaint object (4)", "action_flag": 3, "change_message": ""}}, {"model": "admin.logentry", "pk": 57, "fields": {"action_time": "2019-06-21T09:57:32.657Z", "user": 3, "content_type": 1, "object_id": "50", "object_repr": "Complaint object (50)", "action_flag": 3, "change_message": ""}}, {"model": "admin.logentry", "pk": 58, "fields": {"action_time": "2019-06-21T09:57:34.005Z", "user": 3, "content_type": 1, "object_id": "49", "object_repr": "Complaint object (49)", "action_flag": 3, "change_message": ""}}, {"model": "admin.logentry", "pk": 59, "fields": {"action_time": "2019-06-21T09:57:34.423Z", "user": 3, "content_type": 1, "object_id": "48", "object_repr": "Complaint object (48)", "action_flag": 3, "change_message": ""}}, {"model": "admin.logentry", "pk": 60, "fields": {"action_time": "2019-06-21T09:57:34.523Z", "user": 3, "content_type": 1, "object_id": "47", "object_repr": "Complaint object (47)", "action_flag": 3, "change_message": ""}}, {"model": "admin.logentry", "pk": 61, "fields": {"action_time": "2019-06-21T09:57:34.624Z", "user": 3, "content_type": 1, "object_id": "46", "object_repr": "Complaint object (46)", "action_flag": 3, "change_message": ""}}, {"model": "admin.logentry", "pk": 62, "fields": {"action_time": "2019-06-21T09:57:34.725Z", "user": 3, "content_type": 1, "object_id": "45", "object_repr": "Complaint object (45)", "action_flag": 3, "change_message": ""}}, {"model": "admin.logentry", "pk": 63, "fields": {"action_time": "2019-06-21T09:57:34.826Z", "user": 3, "content_type": 1, "object_id": "44", "object_repr": "Complaint object (44)", "action_flag": 3, "change_message": ""}}, {"model": "admin.logentry", "pk": 64, "fields": {"action_time": "2019-06-21T09:57:34.927Z", "user": 3, "content_type": 1, "object_id": "43", "object_repr": "Complaint object (43)", "action_flag": 3, "change_message": ""}}, {"model": "admin.logentry", "pk": 65, "fields": {"action_time": "2019-06-21T09:57:35.028Z", "user": 3, "content_type": 1, "object_id": "42", "object_repr": "Complaint object (42)", "action_flag": 3, "change_message": ""}}, {"model": "admin.logentry", "pk": 66, "fields": {"action_time": "2019-06-21T09:57:35.128Z", "user": 3, "content_type": 1, "object_id": "41", "object_repr": "Complaint object (41)", "action_flag": 3, "change_message": ""}}, {"model": "admin.logentry", "pk": 67, "fields": {"action_time": "2019-06-21T09:57:35.235Z", "user": 3, "content_type": 1, "object_id": "40", "object_repr": "Complaint object (40)", "action_flag": 3, "change_message": ""}}, {"model": "admin.logentry", "pk": 68, "fields": {"action_time": "2019-06-21T09:57:35.359Z", "user": 3, "content_type": 1, "object_id": "39", "object_repr": "Complaint object (39)", "action_flag": 3, "change_message": ""}}, {"model": "admin.logentry", "pk": 69, "fields": {"action_time": "2019-06-21T09:57:35.758Z", "user": 3, "content_type": 1, "object_id": "38", "object_repr": "Complaint object (38)", "action_flag": 3, "change_message": ""}}, {"model": "admin.logentry", "pk": 70, "fields": {"action_time": "2019-06-21T09:57:35.882Z", "user": 3, "content_type": 1, "object_id": "37", "object_repr": "Complaint object (37)", "action_flag": 3, "change_message": ""}}, {"model": "admin.logentry", "pk": 71, "fields": {"action_time": "2019-06-21T09:57:36.006Z", "user": 3, "content_type": 1, "object_id": "36", "object_repr": "Complaint object (36)", "action_flag": 3, "change_message": ""}}, {"model": "admin.logentry", "pk": 72, "fields": {"action_time": "2019-06-21T09:57:36.141Z", "user": 3, "content_type": 1, "object_id": "35", "object_repr": "Complaint object (35)", "action_flag": 3, "change_message": ""}}, {"model": "admin.logentry", "pk": 73, "fields": {"action_time": "2019-06-21T09:57:36.265Z", "user": 3, "content_type": 1, "object_id": "34", "object_repr": "Complaint object (34)", "action_flag": 3, "change_message": ""}}, {"model": "admin.logentry", "pk": 74, "fields": {"action_time": "2019-06-21T09:57:36.400Z", "user": 3, "content_type": 1, "object_id": "33", "object_repr": "Complaint object (33)", "action_flag": 3, "change_message": ""}}, {"model": "admin.logentry", "pk": 75, "fields": {"action_time": "2019-06-21T09:57:36.540Z", "user": 3, "content_type": 1, "object_id": "32", "object_repr": "Complaint object (32)", "action_flag": 3, "change_message": ""}}, {"model": "admin.logentry", "pk": 76, "fields": {"action_time": "2019-06-21T09:57:36.664Z", "user": 3, "content_type": 1, "object_id": "31", "object_repr": "Complaint object (31)", "action_flag": 3, "change_message": ""}}, {"model": "admin.logentry", "pk": 77, "fields": {"action_time": "2019-06-21T09:57:36.788Z", "user": 3, "content_type": 1, "object_id": "30", "object_repr": "Complaint object (30)", "action_flag": 3, "change_message": ""}}, {"model": "admin.logentry", "pk": 78, "fields": {"action_time": "2019-06-21T09:57:36.912Z", "user": 3, "content_type": 1, "object_id": "29", "object_repr": "Complaint object (29)", "action_flag": 3, "change_message": ""}}, {"model": "admin.logentry", "pk": 79, "fields": {"action_time": "2019-06-21T09:57:37.042Z", "user": 3, "content_type": 1, "object_id": "28", "object_repr": "Complaint object (28)", "action_flag": 3, "change_message": ""}}, {"model": "admin.logentry", "pk": 80, "fields": {"action_time": "2019-06-21T09:57:37.171Z", "user": 3, "content_type": 1, "object_id": "27", "object_repr": "Complaint object (27)", "action_flag": 3, "change_message": ""}}, {"model": "admin.logentry", "pk": 81, "fields": {"action_time": "2019-06-21T09:57:37.695Z", "user": 3, "content_type": 1, "object_id": "26", "object_repr": "Complaint object (26)", "action_flag": 3, "change_message": ""}}, {"model": "admin.logentry", "pk": 82, "fields": {"action_time": "2019-06-21T09:57:37.978Z", "user": 3, "content_type": 1, "object_id": "25", "object_repr": "Complaint object (25)", "action_flag": 3, "change_message": ""}}, {"model": "admin.logentry", "pk": 83, "fields": {"action_time": "2019-06-21T09:57:38.124Z", "user": 3, "content_type": 1, "object_id": "24", "object_repr": "Complaint object (24)", "action_flag": 3, "change_message": ""}}, {"model": "admin.logentry", "pk": 84, "fields": {"action_time": "2019-06-21T09:57:38.289Z", "user": 3, "content_type": 1, "object_id": "23", "object_repr": "Complaint object (23)", "action_flag": 3, "change_message": ""}}, {"model": "admin.logentry", "pk": 85, "fields": {"action_time": "2019-06-21T09:57:39.326Z", "user": 3, "content_type": 1, "object_id": "22", "object_repr": "Complaint object (22)", "action_flag": 3, "change_message": ""}}, {"model": "admin.logentry", "pk": 86, "fields": {"action_time": "2019-06-21T09:57:40.401Z", "user": 3, "content_type": 1, "object_id": "21", "object_repr": "Complaint object (21)", "action_flag": 3, "change_message": ""}}, {"model": "admin.logentry", "pk": 87, "fields": {"action_time": "2019-06-21T09:57:40.599Z", "user": 3, "content_type": 1, "object_id": "20", "object_repr": "Complaint object (20)", "action_flag": 3, "change_message": ""}}, {"model": "admin.logentry", "pk": 88, "fields": {"action_time": "2019-06-27T14:23:19.651Z", "user": 3, "content_type": 2, "object_id": "5", "object_repr": "user1", "action_flag": 2, "change_message": "[{\"changed\": {\"fields\": [\"email\", \"mode\", \"category\"]}}]"}}, {"model": "admin.logentry", "pk": 89, "fields": {"action_time": "2019-06-28T09:14:02.279Z", "user": 3, "content_type": 5, "object_id": "3", "object_repr": "supportstaff", "action_flag": 2, "change_message": "[{\"changed\": {\"fields\": [\"permissions\"]}}]"}}, {"model": "admin.logentry", "pk": 90, "fields": {"action_time": "2019-06-28T09:20:49.467Z", "user": 3, "content_type": 5, "object_id": "3", "object_repr": "supportstaff", "action_flag": 2, "change_message": "[]"}}, {"model": "admin.logentry", "pk": 91, "fields": {"action_time": "2019-06-28T09:20:59.830Z", "user": 3, "content_type": 5, "object_id": "2", "object_repr": "manager", "action_flag": 2, "change_message": "[]"}}, {"model": "admin.logentry", "pk": 92, "fields": {"action_time": "2019-06-28T09:21:13.988Z", "user": 3, "content_type": 5, "object_id": "3", "object_repr": "supportstaff", "action_flag": 2, "change_message": "[{\"changed\": {\"fields\": [\"permissions\"]}}]"}}, {"model": "admin.logentry", "pk": 93, "fields": {"action_time": "2019-06-28T09:21:27.859Z", "user": 3, "content_type": 5, "object_id": "1", "object_repr": "staff", "action_flag": 2, "change_message": "[{\"changed\": {\"fields\": [\"permissions\"]}}]"}}, {"model": "admin.logentry", "pk": 94, "fields": {"action_time": "2019-06-28T09:53:29.565Z", "user": 3, "content_type": 5, "object_id": "3", "object_repr": "supportstaff", "action_flag": 2, "change_message": "[{\"changed\": {\"fields\": [\"permissions\"]}}]"}}, {"model": "admin.logentry", "pk": 95, "fields": {"action_time": "2019-06-28T09:53:48.013Z", "user": 3, "content_type": 5, "object_id": "2", "object_repr": "manager", "action_flag": 2, "change_message": "[{\"changed\": {\"fields\": [\"permissions\"]}}]"}}, {"model": "admin.logentry", "pk": 96, "fields": {"action_time": "2019-06-28T09:54:04.315Z", "user": 3, "content_type": 5, "object_id": "1", "object_repr": "staff", "action_flag": 2, "change_message": "[]"}}, {"model": "admin.logentry", "pk": 97, "fields": {"action_time": "2019-07-03T18:31:23.413Z", "user": 3, "content_type": 2, "object_id": "14", "object_repr": "user19", "action_flag": 1, "change_message": "[{\"added\": {}}]"}}, {"model": "admin.logentry", "pk": 98, "fields": {"action_time": "2019-07-03T18:31:31.623Z", "user": 3, "content_type": 2, "object_id": "14", "object_repr": "user19", "action_flag": 3, "change_message": ""}}, {"model": "admin.logentry", "pk": 99, "fields": {"action_time": "2019-07-09T15:25:23.908Z", "user": 3, "content_type": 1, "object_id": "76", "object_repr": "Complaint object (76)", "action_flag": 2, "change_message": "[]"}}, {"model": "admin.logentry", "pk": 100, "fields": {"action_time": "2019-07-11T09:49:50.945Z", "user": 3, "content_type": 2, "object_id": "3", "object_repr": "testing", "action_flag": 2, "change_message": "[{\"changed\": {\"fields\": [\"phone\"]}}]"}}]